"X","ENTREZID","logFC","logCPM","LR","PValue","FDR","SYMBOL"
163,100126299,-5.61449834780401,2.18215400970661,12.8278053191964,0.000341506092745222,0.0283489999211604,"VTRNA2-1"
616,100134229,-4.8604469850432,3.08759166249601,16.224512525771,5.62614051403324e-05,0.0073606511149034,"KDM7A-DT"
630,100141515,-9.23254430540475,2.77295939868859,30.2649956969873,3.76866227374598e-08,1.62109578714619e-05,"C17orf99"
728,100189018,-8.674251774611,2.21918667701691,22.907710767924,1.69968658780273e-06,0.000406316666617297,"TRL-CAG1-6"
818,100189139,-7.60016857894268,1.25258110523231,12.7531234874048,0.000355415142299473,0.0291245703844221,"TRL-CAG1-5"
837,100189163,-5.11605328840705,3.56961420674342,20.9758849806535,4.65100944182476e-06,0.000936469206052518,"TRG-GCC2-5"
938,100189288,-8.51420301567369,2.0648192599233,21.0639230895596,4.44213279966849e-06,0.000907281655989845,"TRL-CAG1-7"
961,100189316,-7.4311726850645,1.11997362567151,11.6325281253126,0.000648084096273156,0.0436519872232775,"TRL-CAG1-3"
1077,10024,-7.6001483334506,1.32147568786514,12.8335136919284,0.00034046579954305,0.028345525070461,"TROAP"
1925,100505746,-7.6001424836674,1.38659365268804,12.5012472298138,0.000406680426810198,0.0319824302413892,"ITGB2-AS1"
1977,100505994,-7.43115245662707,1.19516775735192,11.8604798066408,0.000573377698332292,0.0407974758287062,"LUCAT1"
3445,101,-6.06937580294586,3.08974653754957,13.23781504237,0.000274357530226584,0.0247270167718499,"ADAM8"
3495,10107,-6.97080653725836,4.88425202630664,29.7301044407853,4.96576523826296e-08,2.10415037484008e-05,"TRIM10"
3503,10112,-5.40714287220807,1.90730958866499,12.0795579638783,0.000509776825682334,0.0377873735799516,"KIF20A"
3516,10124,-4.11446714272465,5.62678770326945,16.9375148162248,3.86305472645714e-05,0.00556711287736641,"ARL4A"
3589,10163,-4.25576509751136,7.69462699184711,12.799306549827,0.000346747855189824,0.0286167779326718,"WASF2"
3598,10169,-3.25072536247934,4.58760318217321,12.5482982618103,0.000396567281383636,0.0314484500516241,"SERF2"
3681,101927034,-8.674251774611,2.21918667701691,22.9038275908532,1.70312375228807e-06,0.000406316666617297,"ROR1-AS1"
4554,101929295,-7.4311726850645,1.11997362567151,11.6396577806925,0.000645604792122306,0.0436519872232775,"LNCRNA-IUR"
4782,101954273,-3.6126469913195,4.19005081518361,14.9503501025351,0.000110377580148437,0.0121458120171091,"RNVU1-1"
4785,101954277,-3.81028821586456,3.20638656267989,11.9510685907967,0.000546160475868107,0.039757681820245,"RNVU1-19"
4817,10216,-10.7274210365681,4.29425032177967,48.0835701613001,4.08434579994626e-12,7.73030515069829e-09,"PRG4"
5364,102723828,-8.01334606374695,1.60221825944469,15.8877937371642,6.7210795554863e-05,0.00827079825099484,"LINC02506"
5637,10318,-3.71628229332271,7.11131678434825,13.1561485697149,0.000286577317065307,0.0254247813483877,"TNIP1"
5669,10344,-7.4311726850645,1.11997362567151,11.6437277842746,0.000644193764837033,0.0436519872232775,"CCL26"
6495,10541,-3.96430071476882,7.47725249878737,12.7357712529351,0.000358727864256892,0.0291245703844221,"ANP32B"
6497,10544,-5.16671798178933,3.94463416524206,15.9532450277084,6.49263813644229e-05,0.00812008796007033,"PROCR"
6574,10627,-4.17014616353277,5.96354881160698,11.3568702861312,0.000751693862860448,0.0490588247508233,"MYL12A"
6579,10631,-5.20183701669598,6.203807741372,17.2920175561395,3.20530522446249e-05,0.00478940080644685,"POSTN"
6591,10644,-5.87673811814082,6.88301606153263,29.6411218547693,5.19902049526482e-08,2.13913321537055e-05,"IGF2BP2"
6607,10661,-8.05958651428217,4.39262601147216,42.0840730635887,8.74323996543815e-11,9.54694548533804e-08,"KLF1"
6664,10740,9.82604133088667,4.71169333233785,12.8833365313381,0.00033152067700197,0.0279721404199453,"RFPL1S"
6739,10840,9.67004697036667,4.6921855207996,12.7329465972557,0.000359270060088937,0.0291245703844221,"ALDH1L1"
6818,10928,-4.08873841689691,7.86136726036121,15.0780226435231,0.000103157333021248,0.0116215741447351,"RALBP1"
6912,1104,-3.40971611061593,3.57063635246449,12.4780954591823,0.000411751781179827,0.0322363986352731,"RCC1"
7006,11144,-8.12837338027692,1.75568146129173,17.3059147923131,3.18194878508001e-05,0.00477965746076305,"DMC1"
7091,11235,-3.28581173389182,5.04687926005129,12.5102355911873,0.000404728565048446,0.0319824302413892,"PDCD10"
7098,11240,9.47671971993699,5.87172134044123,12.3661099072422,0.00043719758339863,0.034099009320569,"PADI2"
7232,11345,-3.86297725892625,8.30669713590554,12.6793212685292,0.000369721754200379,0.0296508491574824,"GABARAPL2"
7258,114,5.27536123906704,5.02393981741992,11.7752843044315,0.000600223447162048,0.0419712898150998,"ADCY8"
7290,114625,-4.03815273911086,4.78972068763798,16.2157996805729,5.65207518802192e-05,0.00736066121963038,"ERMAP"
7381,115294,-3.47418890569743,6.44191623226964,13.6447634201677,0.000220856415152186,0.0207727490370534,"PCMTD1"
7383,115330,-4.80131595168617,4.3162808556952,20.7454128178579,5.24570849213924e-06,0.00104877228233685,"GPR146"
7403,115701,-5.94676023670292,2.45058516363585,15.7303882264121,7.30412669013225e-05,0.00878661681071418,"ALPK2"
7442,116151,-7.37013613998166,8.76122223031608,35.3478635140687,2.75770910087942e-09,1.90954539936504e-06,"FAM210B"
7535,117581,-7.09506126823246,3.64845871631771,30.9779408582744,2.60977792037358e-08,1.19502572837751e-05,"TWIST2"
7590,1193,-5.48947405887215,3.90035259899018,26.4040567066374,2.7695819488234e-07,8.83465522776363e-05,"CLIC2"
7637,120425,-8.23494058486187,1.80247802993807,18.1142977117169,2.08033470408367e-05,0.00331801698027726,"JAML"
7746,123606,9.86353699175267,4.92072514331733,16.5029609520321,4.85741589274047e-05,0.0065981835978422,"NIPA1"
7755,123803,-3.57005406513403,3.60630030759131,12.2294357934463,0.000470414213907782,0.03590069766893,"NTAN1"
7898,1264,-8.12836140466693,1.89511297218428,15.5196176248614,8.16534432438096e-05,0.00962892412253305,"CNN1"
7903,1265,-4.24809282091833,4.81705518174897,19.0919605922875,1.24568516507758e-05,0.00221031261478453,"CNN2"
7973,1277,-5.73084254081033,10.7973619131901,14.7537684685399,0.00012250243918967,0.0130330613546819,"COL1A1"
7980,1278,-5.44660077775331,9.17830960240401,16.0174546468526,6.27611930318303e-05,0.00788402774413125,"COL1A2"
7992,1281,-5.26990896340673,9.27701129162186,14.7623805281672,0.000121944190809878,0.0130330613546819,"COL3A1"
8049,1289,-4.91139537249068,6.68387779033419,18.0556031177117,2.14546302380187e-05,0.00340277627071145,"COL5A1"
8052,128989,-3.40566291843376,5.35669447427591,14.1951601702336,0.000164793831981739,0.0167089174641484,"TANGO2"
8053,1290,-4.4568871688709,5.99875851291512,13.2033646758889,0.000279446972088958,0.0250268124214686,"COL5A2"
8104,1303,-4.28947987486721,7.59368927658624,16.5402129886171,4.76291752952499e-05,0.00653758731125247,"COL12A1"
8114,130540,-5.93960337074836,4.84902354449294,29.1455925754523,6.71382995554225e-08,2.64730045052562e-05,"FLACC1"
8168,131873,-5.3711714476033,4.02250048859431,25.2368411813028,5.07043280957799e-07,0.000149947486941583,"COL6A6"
8209,133,-4.66942761652356,5.19008568663315,13.8514612191498,0.000197842836047996,0.0193681314324228,"ADM"
8236,134111,10.3103634374053,5.15729053815824,12.1034026676329,0.0005032989334135,0.0377873735799516,"UBE2QL1"
8348,1379,-8.88527186946964,2.42617348343283,25.5425590680689,4.32731649334388e-07,0.000132099478759175,"CR1L"
8392,139065,9.96077434147855,4.81434278763738,12.839634418608,0.000339353908973842,0.0283360513993158,"SLITRK4"
8404,139285,8.81068792262008,3.7493768453574,11.6239716077744,0.000651072284517976,0.043697262783606,"AMER1"
8501,140809,-3.56520524329868,4.96141219411507,13.3078221342778,0.000264301177966341,0.0242048723950465,"SRXN1"
8519,140876,-4.52295395834151,4.821301401748,16.6909076195191,4.39913362371393e-05,0.00618274275134844,"RIPOR3"
8601,1440,-8.01334606374695,1.60221825944469,15.8757903350358,6.76384353263023e-05,0.00827079825099484,"CSF3"
8653,145165,-3.23523784559223,4.11616459137938,11.8263305674745,0.000583989675910662,0.0414486672477592,"ST13P4"
8727,146395,8.89942916286073,4.02540553673093,13.2598879299626,0.000271145858636737,0.0245937090309807,"GSG1L"
8848,148014,9.13783772791637,4.1684047817248,12.0859671733347,0.00050802740975805,0.0377873735799516,"TTC9B"
8969,150000,-8.74807527406104,2.29119618802586,23.8115736174328,1.06241727534593e-06,0.000266920588027178,"ABCC13"
9041,1510,-8.42698687687349,1.98184429489161,20.162953893202,7.11169878603909e-06,0.00137347706486836,"CTSE"
9405,1604,-5.34232741563992,5.12897144329584,20.0772222018772,7.43772439372957e-06,0.00140810771784095,"CD55"
9474,162466,-10.9221074525169,8.30588980993586,55.1351904618271,1.12518259127018e-13,4.1909637479262e-10,"PHOSPHO1"
9815,1805,-9.67246517538477,3.23515280491562,36.4612118397815,1.55734726306773e-09,1.22814135551369e-06,"DPT"
9831,1820,-4.24100544017832,4.15978970838141,16.7632027390599,4.23465777175868e-05,0.00604130322312708,"ARID3A"
9841,183,6.03413666255595,7.38748681574357,13.3546313694844,0.000257785208919586,0.0237614353286593,"AGT"
9873,1870,-8.43382796720173,6.34494528032478,44.1805079586816,2.9944826377347e-11,4.18933103251506e-08,"E2F2"
9930,1953,-3.97631901450034,3.5808166700323,15.6137537892281,7.76874554877614e-05,0.00930492591443269,"MEGF6"
10050,2000,-3.95295973973167,3.47196587488277,12.5048295959462,0.000405901364800022,0.0319824302413892,"ELF4"
10080,200407,9.29969011605037,4.35171509011783,12.7074445875515,0.000364202770955992,0.0292909820607382,"CREG2"
10218,203447,-7.4311726850645,1.11997362567151,11.6477965879782,0.000642786266769528,0.0436519872232775,"NRK"
10219,2035,-8.10286485667068,10.4838241832338,30.643375502935,3.10083485138134e-08,1.37551095985494e-05,"EPB41"
10228,2038,-13.3116685378239,6.90530639911186,63.6638799180818,1.47565598794061e-15,4.1893873497634e-11,"EPB42"
10230,2039,-4.63018799587513,8.70527573542024,12.3248427580964,0.000446969586310751,0.034576203148126,"DMTN"
10237,2043,9.90884995050506,4.87127538075771,12.7287253871313,0.000360081867028255,0.0291245703844221,"EPHA4"
10309,2115,5.69969197322452,5.23699424356994,13.5148149422751,0.000236687470934419,0.0219593375811378,"ETV1"
10314,212,-11.9721801783698,10.7865203371621,44.0259381790556,3.24053040537975e-11,4.18933103251506e-08,"ALAS2"
10322,213,-8.01334606374695,1.60221825944469,15.8952460688499,6.6946664109306e-05,0.00827079825099484,"ALB"
10469,220,-7.49554263021099,5.66623537239672,44.022396286495,3.24639953206521e-11,4.18933103251506e-08,"ALDH1A3"
10493,220296,6.31885561988246,6.49451777167023,14.090029448372,0.000174265087204825,0.0173592485113859,"HEPACAM"
10517,220972,-5.40648259283717,8.16876194531231,23.5134731952782,1.2404207642323e-06,0.000306222134752653,"MARCHF8"
10538,221150,-7.18281420687993,3.6245979800374,24.0548487993588,9.36301887744698e-07,0.000250194379467875,"SKA3"
10572,221476,-6.43356929549997,5.04187229932622,24.3795213754751,7.91051435579915e-07,0.00021594182938571,"PI16"
10602,2219,-8.94927261290968,2.48958525732672,26.5519589587465,2.5654444887534e-07,8.27647375405785e-05,"FCN1"
10615,222008,9.75642948298222,4.58686833949718,13.7109824888868,0.000213204070299961,0.0205072524600589,"VSTM2A"
10663,2235,-7.30007554852991,8.68565374977213,34.3699686500101,4.55700792132475e-09,3.00868499735837e-06,"FECH"
10679,2252,-11.5421869783387,5.12985932886058,55.9291559516322,7.51300705971127e-14,3.55490450708672e-10,"FGF7"
10756,22865,9.45132296597768,4.30902798156077,12.9997588729678,0.000311531090987413,0.0266396616660622,"SLITRK3"
10822,22934,-3.69648145614427,3.96969389579733,15.1952849378586,9.69451800212857e-05,0.0110090946432172,"RPIA"
10854,22987,9.35749606936188,4.19627092431579,12.3413546625524,0.000443033412844209,0.0344595029880742,"SV2C"
10945,2309,-3.71934125070835,7.7679311058892,11.7887916673404,0.000595884000377989,0.0419712898150998,"FOXO3"
10977,23127,9.08286949856084,4.42614423834919,14.2990543447125,0.000155943199867841,0.0160406791458261,"COLGALT2"
11307,23515,-3.9970346179235,7.21571323744373,16.1125164230221,5.96882466596144e-05,0.00766764399396585,"MORC3"
11368,23582,-6.1915969374601,6.40048706229071,33.8469784971644,5.96216164538074e-09,3.84694929800817e-06,"CCNDBP1"
11390,23607,-3.47141314856571,5.4774229449227,11.5973058600581,0.000660474310595098,0.0440161166145419,"CD2AP"
11391,23608,-5.73894778283622,9.10525532145543,22.2476407621989,2.39653063267678e-06,0.000531543005169484,"MKRN1"
11441,23708,-3.5162987649733,6.40251007512083,12.880124508358,0.000332090145124632,0.0279721404199453,"GSPT2"
11445,23732,9.21535563182457,4.09919617070705,11.6614854968388,0.00063807370221804,0.0436503913396871,"FRRS1L"
11454,23762,-3.82785768953344,6.94750981299676,12.2462224764847,0.00046620100066816,0.0356750577061161,"OSBP2"
11461,23770,-4.8902923232633,9.73905349931055,16.6912276422546,4.39839157988713e-05,0.00618274275134844,"FKBP8"
11555,2512,-4.62692521067079,10.1167650668723,13.7335731278277,0.000210655049420372,0.0203418260307632,"FTL"
11687,255043,-4.50232455286751,3.22049138679605,15.2621840550624,9.35711881383622e-05,0.0107116372227746,"TMEM86B"
11711,255394,-4.80513926685957,7.21946511994222,21.789371766785,3.04281028975956e-06,0.000654434728229348,"TCP11L2"
11721,2556,9.06683689299826,4.05954673245474,12.090001401062,0.000506929362117508,0.0377873735799516,"GABRA3"
11726,2557,9.69141690183539,4.59178514972716,11.4162298255998,0.000728052871242599,0.0476624946210571,"GABRA4"
11741,255928,8.63781702544541,3.76977222873637,12.1572382977587,0.00048897726399732,0.0369432696820398,"SYT14"
11809,257194,10.9066590494527,5.79640693833609,16.3133942301857,5.36831563068893e-05,0.00717012093154909,"NEGR1"
11846,25793,-5.70204823594824,7.96977526487945,24.4753709016512,7.5265829456141e-07,0.000207456009539791,"FBXO7"
11905,25853,-7.12701225450034,9.77073306612843,26.8974450099386,2.14542315726857e-07,7.08239109707613e-05,"DCAF12"
11932,25893,-7.94443811126373,9.27319812760742,31.8177159610578,1.69341083912794e-08,8.58498816479327e-06,"TRIM58"
12038,25996,-3.96689396842937,5.95543029449446,18.0166139314416,2.1898544723253e-05,0.00345388713718418,"REXO2"
12133,26127,-3.41958925439718,5.96101766609455,13.8626672881354,0.000196666571167044,0.0193195984617038,"FGFR1OP2"
12195,2623,-10.1519772228683,3.70750371593621,43.2083236388909,4.92108857493192e-11,5.82123769342988e-08,"GATA1"
12292,26499,-6.19352465788918,1.94219473162708,14.284197770143,0.000157178868199906,0.0161094154086474,"PLEK2"
12459,26824,-4.29817774835786,7.64588137980786,12.9051529162139,0.000327678761947778,0.0278526947655611,"RNU11"
12462,26829,-3.6313181434326,4.5894182379738,15.3689115788835,8.8431341073275e-05,0.0102892039879929,"RNU5E-1"
12520,27013,-4.31682084878963,6.21638594063636,20.0766864390788,7.43980830137875e-06,0.00140810771784095,"CNPPD1"
12561,27090,-3.90889927384327,4.92913316679686,18.2054032411869,1.9831541733373e-05,0.0032172426846312,"ST6GALNAC4"
12572,27102,-4.16236204144279,8.28932523250737,14.7899327683264,0.000120175350869557,0.0129725407269457,"EIF2AK1"
12628,2719,-5.59679892706647,4.61913939891801,21.0269830997928,4.52860418644552e-06,0.000918336234665631,"GPC3"
12712,27343,-4.01722179587335,4.99200374983284,19.0248203527388,1.29029140695242e-05,0.00224732349959382,"POLL"
12720,27350,-4.23901710614284,3.72644927024777,14.1492981704766,0.000168860086023029,0.0170004775444802,"APOBEC3C"
12755,2766,-4.52917570299393,5.91233564672456,17.3324333635778,3.13785378851958e-05,0.00473849303489739,"GMPR"
12777,2788,8.82472922583076,3.92961879577641,12.8735242734862,0.000333263416329836,0.0279721404199453,"GNG7"
12835,282809,-4.16989911652112,5.54634723206241,16.1925453263035,5.72188433746422e-05,0.00741754777811001,"POC1B"
12866,283120,-10.504550653675,9.85794966519601,46.830500735607,7.73993815123927e-12,1.22076024507602e-08,"H19"
12922,283383,-5.00151889676204,4.76794170894058,23.9432286744497,9.92186462679619e-07,0.000259480580305479,"ADGRD1"
13093,2840,10.4833550869426,5.27105095600824,15.8989276467983,6.68165642545521e-05,0.00827079825099484,"GPR17"
13158,284232,-3.90945881652953,3.94633277184351,13.570669955089,0.000229747363668377,0.0213853365722794,"ANKRD20A9P"
13341,2849,9.92414234623329,4.6548156227078,11.7791806542452,0.00059896842057682,0.0419712898150998,"GPR26"
13344,284904,-8.12839370182694,1.70521318708223,17.0444500061239,3.6514940871154e-05,0.00531620087862596,"SEC14L4"
13571,285962,-4.01976657397538,6.07983789860668,17.4796062366288,2.90406206495339e-05,0.004432597958281,"WEE2-AS1"
13580,286,-4.36988861878582,7.36675736159026,12.3261588820098,0.000446654553294499,0.034576203148126,"ANK1"
13811,2876,-4.01274592568387,6.48813780326562,16.0904965600691,6.03863122056374e-05,0.00772237569152273,"GPX1"
14009,290,-7.44676125125131,3.88252242019614,35.5455936257547,2.4915000937411e-09,1.76834219153274e-06,"ANPEP"
14012,29015,-3.91684715918588,4.36841440908092,16.0801010090382,6.07187154995457e-05,0.00773006427368656,"SLC43A3"
14092,2919,-10.3546023363034,3.93386061762349,43.5649540171397,4.10118245452713e-11,5.06228564713153e-08,"CXCL1"
14105,2935,-4.75733242824689,8.96963126157994,16.6261146618011,4.55199280318967e-05,0.00636606284150516,"GSPT1"
14207,29923,-4.35131316162701,5.80512420620737,13.2503106234337,0.00027253470501027,0.0246409562905782,"HILPDA"
14214,2993,-9.81831844466896,6.39594148197339,50.8344740363076,1.00493058528218e-12,2.37749827634675e-09,"GYPA"
14221,2994,-10.4238397140911,3.984862437477,45.5533906521279,1.48534336963848e-11,2.21941569810718e-08,"GYPB"
14232,2995,-8.92938420801958,9.06712332267665,41.7591608688372,1.03237405764902e-10,1.02067473819749e-07,"GYPC"
14269,29995,-4.95291846917236,4.6423339066281,22.7482829952971,1.84669064350492e-06,0.000429733994828727,"LMCD1"
14303,302,-5.15936816901916,5.6910214733904,14.2550041843799,0.000159635791300854,0.0162439430646281,"ANXA2"
14309,3029,-4.36732385987894,6.19692471155644,18.373294037084,1.81585305877576e-05,0.00299721327550255,"HAGH"
14319,3039,-11.788421934401,15.5949574568413,32.4910798183207,1.19740877539974e-08,6.41404436482994e-06,"HBA1"
14321,3040,-11.6671033059737,15.2298671172787,31.1986388863008,2.32929339006427e-08,1.12082439565974e-05,"HBA2"
14322,3042,-12.4619638130252,6.05064225937891,61.369163553904,4.73163383070468e-15,4.47770281512352e-11,"HBM"
14323,3043,-10.0134860853984,12.1401552285648,36.6383645992638,1.42205282686283e-09,1.15348799298959e-06,"HBB"
14326,3046,-10.0091519387297,3.56177083663021,41.7398794143467,1.04260540358321e-10,1.02067473819749e-07,"HBE1"
14327,3047,-12.5727704057387,16.4768459162199,32.6262363433098,1.11696748861793e-08,6.09821288497368e-06,"HBG1"
14328,3048,-12.598166338717,17.0790813405407,31.3422975064244,2.16315182811946e-08,1.0588255241433e-05,"HBG2"
14329,3049,-7.25145421053525,4.89403945991595,41.8066828774942,1.0075844318637e-10,1.02067473819749e-07,"HBQ1"
14331,3050,-10.2574251070942,6.71488328825385,55.0400794258953,1.18096900258576e-13,4.1909637479262e-10,"HBZ"
14396,3099,-4.04173874722256,6.08634961581916,13.0707291143958,0.00029994635391057,0.0257604230835042,"HK2"
14399,3101,-5.54630260456448,2.49475741385114,17.1071197761621,3.53296135783387e-05,0.00519693124087583,"HK3"
14434,3145,-4.56795792892421,4.26268048337141,19.3215857505791,1.10450625941678e-05,0.00202302791644145,"HMBS"
14445,316,-4.62803727180422,2.44481817709146,13.6761040480011,0.000217200760313368,0.0206972462235015,"AOX1"
14447,3162,-5.54206858367252,5.7138955093796,25.1332785082571,5.35015580248896e-07,0.000154990737992512,"HMOX1"
14553,3257,-3.90245929731408,6.04959982365069,16.5112536021886,4.8362178641299e-05,0.0065981835978422,"HPS1"
14696,338442,-8.12836140479153,1.89511297218428,15.5169589290738,8.17683652922468e-05,0.00962892412253305,"HCAR2"
14858,340206,-8.23494058486187,1.80247802993807,18.1158492213865,2.07864034173611e-05,0.00331801698027726,"TREML3P"
14876,340481,5.08368004495454,4.65814349140959,11.6325969121632,0.000648060130086484,0.0436519872232775,"ZDHHC21"
14957,342618,-8.94579905121214,5.50568222216834,47.7613981047514,4.81377429113091e-12,8.07060294439204e-09,"SLFN14"
14989,343171,-5.59761468899521,3.67964723706737,24.9713450744471,5.81887307702673e-07,0.000166866471370494,"OR2W3"
15139,3481,-5.36219877986348,7.74659683451234,19.6579877519672,9.2615340609714e-06,0.00171852909798025,"IGF2"
15160,3487,-3.81414735086206,6.71073195464733,13.6606964082436,0.00021899026643612,0.0207237788804048,"IGFBP4"
15197,3500,10.7339757130014,5.47363989901853,14.4034974328593,0.000147528057008872,0.0152858450309557,"IGHG1"
15267,3554,-6.68674878498448,6.67407795620415,27.3818286723613,1.66993067033186e-07,5.75353800329212e-05,"IL1R1"
15287,3576,-7.26981698907311,4.84340967424003,34.8960872735248,3.47779060701676e-09,2.3508208412668e-06,"CXCL8"
15290,3579,-8.01334606374695,1.60221825944469,15.8811130592165,6.74484683452972e-05,0.00827079825099484,"CXCR2"
15404,3690,-3.51836251728415,4.23677668199988,13.3747880572968,0.000255029446497164,0.0235839934399169,"ITGB3"
15425,3712,9.15817057271534,4.30324336876456,14.2625571094473,0.000158996454845061,0.0162370840037816,"IVD"
15444,3737,5.28650206520467,5.54789422294238,11.7813194941901,0.000598280620340713,0.0419712898150998,"KCNA2"
15474,3746,9.72390028850955,4.57413918623077,14.905871098316,0.000113010726145837,0.0123399019818473,"KCNC1"
15524,3752,9.2170342796655,4.2393828568242,13.7484120876435,0.000208997421718942,0.0202506375515385,"KCND3"
15534,375323,9.15050134806236,4.0092813846005,12.2928743153816,0.000454690940099691,0.0349828612179681,"LHFPL4"
15551,375612,9.04892065910911,4.1771896055122,14.102016187404,0.00017315807831686,0.0173097107162523,"LHFPL3"
15577,3765,10.002771134956,5.03651301255081,16.4623971696517,4.96246074056861e-05,0.00670877430594013,"KCNJ9"
15578,3766,4.73074822314051,5.13296538840066,11.314681887624,0.00076896634034551,0.049728825518016,"KCNJ10"
15630,3792,-5.26212494720173,3.98753162618388,25.1748939232115,5.23593949991878e-07,0.000153245693198654,"KEL"
15658,383,-6.47187389979512,3.28585649445365,28.1628439072553,1.11525112701216e-07,4.007845505807e-05,"ARG1"
15675,3848,-11.8743786110559,5.45776792611869,59.8181061610634,1.04041780757109e-14,7.3843653892358e-11,"KRT1"
15862,388588,-5.72083653155987,3.32551203951299,19.1271247922819,1.22294427735495e-05,0.00218360931032119,"SMIM1"
15868,388630,-7.43115245654843,1.19516775735192,11.8621783522884,0.00057285498239341,0.0407974758287062,"TRABD2B"
15907,388931,-9.81670708867943,3.36552117329271,38.4913280744213,5.49975178492914e-10,4.73145312648904e-07,"MFSD2B"
15937,389136,-6.6344344448506,5.95599971329681,32.8767344677622,9.81913843731953e-09,5.50471744590289e-06,"VGLL3"
16243,3976,-5.8281296575672,2.87752229199699,12.2239158336303,0.000471808022147684,0.035910535519498,"LIF"
16315,400058,-6.46924590460262,6.47962870853958,31.9718530832112,1.56422719044769e-08,8.07425635214728e-06,"MKRN9P"
16520,401474,9.79400030738519,4.6894107120056,13.9200839010659,0.000190749341614295,0.018868898287212,"SAMD12"
16526,4015,-5.46429115586907,6.17096472868731,24.5889592974607,7.09571166932506e-07,0.000199452727021919,"LOX"
16625,4046,-4.1081485134795,3.85634004053971,15.2880600964366,9.22980708711329e-05,0.0106378833243122,"LSP1"
16656,4066,-6.76146431482536,5.80947089219898,36.3797332921562,1.62382973737971e-09,1.24596016876243e-06,"LYL1"
17014,4222,-5.48439240486019,2.14778177634732,12.8693342468878,0.000334010412200122,0.0279721404199453,"MEOX1"
17023,4238,9.0356248657002,4.42300055220476,13.803441675655,0.000202964088614049,0.0198012043840304,"MFAP3"
17031,4248,4.84673821601234,5.25435519256262,11.9872654802724,0.000535653329136998,0.0393767239945653,"MGAT3"
17039,4256,-4.44846891992228,4.76868366112954,15.6060315918564,7.80053669473399e-05,0.00930492591443269,"MGP"
17054,4288,-4.22826532171278,6.84203545824297,14.878225464733,0.000114679110727917,0.0124740994389485,"MKI67"
17071,4303,-5.12497761542188,6.78733878575581,22.0204327432042,2.6976331858726e-06,0.000584624474403992,"FOXO4"
17074,4311,-5.40712926384549,4.74942270326815,27.300849518681,1.74134888921398e-07,5.88534463866487e-05,"MME"
17076,4313,-3.32344523683838,6.47728812348522,11.7539795426813,0.000607132884134744,0.0422139779126117,"MMP2"
17084,4319,-8.01334606374695,1.60221825944469,15.8690604585649,6.7879393888052e-05,0.00827079825099484,"MMP10"
17114,4354,-6.83132714815136,8.21805235199893,32.8862299373517,9.77129436753452e-09,5.50471744590289e-06,"MPP1"
17140,439996,-12.3714286239515,5.95940705293975,62.0923988678584,3.2771393232336e-15,4.47770281512352e-11,"IFIT1B"
17197,440359,-7.41753187089093,8.37990165708628,19.1844608814017,1.18675523840763e-05,0.00214598606486578,"YBX3P1"
17325,441455,-5.84458609815212,5.79666633153991,32.8630083888734,9.88871397467585e-09,5.50471744590289e-06,"LOC441455"
17543,4601,-4.81871486568157,8.57396893208611,18.3916112294262,1.79848024881114e-05,0.00298589791016072,"MXI1"
17547,4605,-4.32205340764045,2.86462752364818,14.4863081360895,0.000141181996548463,0.0146818933406991,"MYBL2"
17573,4635,-9.44327729182557,6.72684309386234,50.9164643136666,9.6381730906233e-13,2.37749827634675e-09,"MYL4"
17689,4751,-7.60013642933238,1.50706668865298,11.6433916365971,0.000644310185596505,0.0436519872232775,"NEK2"
17707,4778,-9.91464639590097,6.2584445573925,54.2484766583626,1.76674057783992e-13,5.57308500054171e-10,"NFE2"
17757,4837,-6.51113916617518,5.19493102301481,20.472639387172,6.04897900350961e-06,0.00118434837179061,"NNMT"
17776,4860,-4.7058083373575,5.56950640667657,16.959803425219,3.81796544349039e-05,0.00553020606840266,"PNP"
17822,492,9.89306705582914,4.88027078742604,15.0662740504592,0.000103801403856611,0.0116479124722893,"ATP2B3"
17844,493856,-4.7871914847661,5.19810721175853,25.3344830003447,4.82014266612251e-07,0.000144046158201282,"CISD2"
17884,4946,-4.74472783156169,8.66052237853259,17.6889403700044,2.60134691261536e-05,0.00403564146716667,"OAZ1"
17897,4969,-4.68139236098838,4.33247677155317,19.2272631552116,1.16044230446104e-05,0.00211185621946467,"OGN"
17983,5045,-4.96804942662645,7.2278447741496,21.1079484139204,4.34123700191762e-06,0.000893099409307545,"FURIN"
17989,50486,-6.17662908284214,5.16843445654466,23.4553565650641,1.27846259293642e-06,0.000312892698391939,"G0S2"
18006,5054,-5.92650743382081,7.73828367647588,11.8141345628815,0.000587827495423308,0.0416170139527873,"SERPINE1"
18173,51082,-3.44630234950958,6.33395054227249,13.0840720738337,0.000297817327726224,0.0257604230835042,"POLR1D"
18184,51094,-6.88354233368417,10.1810094561597,25.5030459862721,4.41685055534823e-07,0.00013339828432589,"ADIPOR1"
18280,51203,-4.81097477479437,4.36361055064915,19.147986786015,1.20965022471273e-05,0.00217354239744268,"NUSAP1"
18290,51218,-5.29738356955664,5.75952608302543,29.6584581714049,5.15273046708316e-08,2.13913321537055e-05,"GLRX5"
18375,51312,-9.08440889537452,10.212102942906,38.7872107995582,4.72614238109911e-10,4.32823168385173e-07,"SLC25A37"
18389,51327,-8.94577956727952,5.50568222216834,47.7537067937573,4.83269637388745e-12,8.07060294439204e-09,"AHSP"
18472,51450,-7.45223042159574,2.97948759229421,29.0103344948821,7.1993201739532e-08,2.7667343929366e-05,"PRRX2"
18587,51629,-7.78909837125609,8.53883812965131,36.6616589187371,1.40516099717702e-09,1.15348799298959e-06,"SLC25A39"
18670,51759,-4.11395908515407,7.11203722313538,17.0723867849821,3.59816888548862e-05,0.00526556776592897,"C9orf78"
18671,5176,-3.50417068493106,5.15610711871461,11.5016535376393,0.000695343047225221,0.0459088118854047,"SERPINF1"
18672,51760,8.5925644020255,3.9466377096023,12.2011797502718,0.000477593034506312,0.0362536530738882,"SYT17"
18782,5292,-6.18379857005702,7.62947797301771,22.8754027511033,1.72849700002609e-06,0.000408933581922839,"PIM1"
18794,5305,-4.97051412809797,8.37607945952483,20.5061776506285,5.94391038547871e-06,0.00117185844335931,"PIP4K2A"
18808,5320,-6.35544744206979,6.23049435860916,22.6466426307596,1.94700135739211e-06,0.000449393240133025,"PLA2G2A"
18844,534,9.04958023402543,4.0465484040413,11.9066886124541,0.000559327415919678,0.0403028054262936,"ATP6V1G2"
18890,538,-3.04433073176606,4.90060663369009,11.4491604153819,0.000715263095245041,0.0470053686898303,"ATP7A"
18909,53844,5.16546541777836,6.49840390234846,12.7362832121062,0.000358629681498171,0.0291245703844221,"COPG2IT1"
18926,5396,-4.12881317742839,7.08464367493653,13.3310802196137,0.000261043098728954,0.0239838626955178,"PRRX1"
19083,54507,-4.11911692357129,4.57151439455877,11.4147830930184,0.000728620030487453,0.0476624946210571,"ADAMTSL4"
19247,54809,-3.92467656043802,5.76320060396816,16.3924194847317,5.14907456445812e-05,0.0069280676248799,"SAMD9"
19287,54855,-10.3426142304979,10.6467159009913,28.7355886568618,8.29650018741197e-08,3.05893039377436e-05,"TENT5C"
19423,54997,-4.71249185031642,4.76926120310114,21.5231794480415,3.49577603228856e-06,0.000736972878058361,"TESC"
19656,55247,-6.9776808781593,3.54144211394059,30.6453477625802,3.09768449051107e-08,1.37551095985494e-05,"NEIL3"
19777,55363,-12.9298307306016,10.2092625626894,56.1102247095066,6.85198525059843e-14,3.55490450708672e-10,"HEMGN"
19814,55432,-6.0545403365266,7.52509136662251,22.0521885985998,2.65336972377369e-06,0.000579778275866418,"YOD1"
19816,55437,-5.50599602958572,7.01809723191314,23.5605125521658,1.21046269601516e-06,0.000301447683683073,"STRADB"
19860,55544,-7.05636286008967,8.15044626882861,28.752350775391,8.2250022939966e-08,3.05893039377436e-05,"RBM38"
19892,55600,-7.75142795517591,1.37660923340462,13.7544261892295,0.00020832934777986,0.0202506375515385,"ITLN1"
20046,55766,-3.29995731698391,4.55455727668032,13.1335861654421,0.000290049066312746,0.0254668344133391,"H2AJ"
20074,55796,-7.49534791250404,7.35625829569698,38.6083745669402,5.17962016065466e-10,4.5952942612808e-07,"MBNL3"
20154,55893,-3.38276176429017,5.81217740680329,13.6437884780891,0.000220971123958792,0.0207727490370534,"ZNF395"
20220,5606,-6.98184883093814,6.76379084404023,27.6304375759966,1.46849700246656e-07,5.14699134568219e-05,"MAP2K3"
20222,56062,8.52357526317564,3.80191798209464,11.3080585176379,0.000771714227416354,0.0497931066280688,"KLHL4"
20234,56103,8.8209700632732,4.23927724780051,13.0767078241962,0.000298990489548284,0.0257604230835042,"PCDHGB2"
20255,56126,8.66791667386928,4.11412762141627,11.4500846612878,0.00071490742455538,0.0470053686898303,"PCDHB10"
20264,56134,9.09019443401792,4.17821871933605,12.08345312951,0.000508712903283907,0.0377873735799516,"PCDHAC2"
20455,56901,-3.81032772539087,3.46708713125832,14.5072854245913,0.000139618538394612,0.0145726849449376,"NDUFA4L2"
20478,56925,-5.3980020947782,2.80026214781014,18.20982394565,1.97855645802428e-05,0.0032172426846312,"LXN"
20534,56992,-3.56282797191753,3.51118746477151,13.1848231447939,0.00028222544778661,0.0251961649769241,"KIF15"
20578,57082,-5.00789702083252,3.96597089285593,22.7568926637816,1.83843559194051e-06,0.000429733994828727,"KNL1"
20588,57095,-4.0176826471808,6.35679640820615,17.6417724920468,2.66666344094508e-05,0.00411448777654516,"PITHD1"
20597,57104,-4.14365967847546,6.23372727531854,14.011088169468,0.00018173576452948,0.0180401341083635,"PNPLA2"
20733,5740,-6.43440192168778,6.90955868069905,27.3678061293655,1.68208402350562e-07,5.75353800329212e-05,"PTGIS"
20763,5743,-3.94431149098137,4.12293696032236,15.3063047204885,9.14109147986858e-05,0.0105924729434069,"PTGS2"
20918,57512,9.50603306611008,5.67369202916615,12.3192200371096,0.000448317991737576,0.0345862711560592,"GPR158"
20929,57528,9.95996764963258,5.07070399763998,16.6093120258319,4.59249818161951e-05,0.00637666022570246,"KCTD16"
21112,57795,5.69261220601074,5.32945360604826,13.6693717247848,0.000217980860191157,0.0206972462235015,"BRINP2"
21164,5806,-10.080915616261,7.20595544374467,19.0799357120606,1.25355877148584e-05,0.00221046792065112,"PTX3"
21193,5833,8.54745015744006,3.65442046250012,11.7303707279297,0.000614883425633023,0.0423731297693472,"PCYT2"
21198,58473,5.34127123329609,6.56737741931989,11.5607240414967,0.000673596177715276,0.0447854695206948,"PLEKHB1"
21209,58488,-3.45841502710126,3.93445708555376,13.0682621103918,0.000300341671033459,0.0257604230835042,"PCTP"
21275,5886,-3.32573773996468,6.94860026396023,11.9833979103545,0.000536766191824472,0.0393767239945653,"RAD23A"
21311,5918,-5.49858567432238,2.67082833660165,17.3446384555433,3.11776607831825e-05,0.00473333577344679,"RARRES1"
21355,59353,8.90562431412421,4.02279044572861,11.720553693707,0.000618135602355529,0.0424912100505411,"TMEM35A"
21392,597,-9.55396631645344,3.13404255031871,33.5647576664723,6.89303950937924e-09,4.30768063828858e-06,"BCL2A1"
21401,598,-6.20599531510647,9.41205567100574,24.6310180437814,6.94252243873378e-07,0.000197098212035652,"BCL2L1"
21425,6001,-5.53294211484111,6.12151554323618,28.981020919743,7.30909050617278e-08,2.7667343929366e-05,"RGS10"
21429,6005,-9.18016570844541,2.7202808872768,29.4311151866483,5.79398832848727e-08,2.34987612351077e-05,"RHAG"
21430,6006,-9.28306726017466,2.84608544730803,31.0684978476657,2.49081223060299e-08,1.15924851191506e-05,"RHCE"
21431,6007,-5.46842424056619,3.91396789443252,22.5344653724903,2.06406910798822e-06,0.000472571951417626,"RHD"
21688,6241,-5.36083685455296,2.61082073847812,15.2292610273353,9.52166008635279e-05,0.0108562220823918,"RRM2"
21705,6272,4.58674166359611,6.87653613114402,11.3217198058915,0.000766057299835255,0.0496627348756103,"SORT1"
21712,6279,-6.23677374513971,2.88785772311616,20.6255601982221,5.58455274548686e-06,0.00110870945765295,"S100A8"
21713,6280,-5.89690359156474,3.95559123308498,19.0478779122329,1.27479455233013e-05,0.00223403810744767,"S100A9"
21716,6283,-7.4311726850645,1.11997362567151,11.6303022184691,0.000648860113005393,0.0436519872232775,"S100A12"
21722,629,-4.07120206567073,4.32904115278555,14.129732830729,0.000170625414059943,0.0171168039051653,"CFB"
21826,63899,-3.82760520187329,4.11032230757846,16.3094556395278,5.37948488347994e-05,0.00717012093154909,"NSUN3"
21881,64005,-6.38030038154775,2.1070322371382,16.0181020099632,6.27397374396293e-05,0.00788402774413125,"MYO1G"
21910,64094,-5.32070397654318,3.97861721821053,22.0511184419272,2.65484944919459e-06,0.000579778275866418,"SMOC2"
21959,64151,-3.7913825932462,2.90351005205973,11.6004469120561,0.000659359725375367,0.0440161166145419,"NCAPG"
22014,6424,-4.33235575009403,5.6048693342752,12.1387798569527,0.000493840750302966,0.0371886973504011,"SFRP4"
22280,645,-6.60893127910297,7.03725003947593,36.0008105479652,1.9723546619159e-09,1.47355654873138e-06,"BLVRB"
22502,6478,-5.12356483966008,6.79675340290457,24.487894023586,7.47782063058019e-07,0.000207456009539791,"SIAH2"
22572,6491,-4.32703963537274,4.13302395904206,19.4792152579455,1.0170031116917e-05,0.00187485184031995,"STIL"
22597,6495,-6.76529646625357,2.51604481155207,20.3257064115226,6.53171189386536e-06,0.00127010479908793,"SIX1"
22655,6510,-5.04475885641986,6.02022764191595,22.4380314110293,2.17033669875316e-06,0.000489014752996843,"SLC1A5"
22672,6517,-5.39214689623294,2.06979148610536,12.0612256762394,0.000514814331576125,0.0380614033162661,"SLC2A4"
22678,6521,-11.7214850763531,10.0061326438675,50.9919392726792,9.27460527803009e-13,2.37749827634675e-09,"SLC4A1"
22702,6529,5.30156264597397,6.57524596621281,12.5826013551478,0.000389354415691512,0.0310499209592192,"SLC6A1"
22839,6563,-4.16042467507422,5.93626927978385,15.4835971074099,8.32243379538548e-05,0.00972320557411497,"SLC14A1"
22841,6565,8.92321198244306,4.37287960819449,13.2242506583133,0.000276350184540525,0.024827790313625,"SLC15A2"
22867,6591,-3.73905335473543,4.2200758819307,13.6751128112256,0.000217315441851664,0.0206972462235015,"SNAI2"
22879,65983,6.0559452211529,5.69669422091209,14.9153402869563,0.000112444905526259,0.0123255245864498,"GRAMD2B"
22926,6622,-5.30849500362774,9.29640221404397,16.5386874457828,4.76675087505904e-05,0.00653758731125247,"SNCA"
22944,6640,4.71064290447145,5.33516892858438,11.6106130152316,0.000655765346630645,0.0439084391293491,"SNTA1"
22962,665,-5.94860334250777,10.2292683915597,19.9096817512802,8.11881289949984e-06,0.00152644435905166,"BNIP3L"
22996,669,-8.32721686598847,9.76966979848847,35.6164596354604,2.40248962371986e-09,1.74888924147197e-06,"BPGM"
23016,6708,-9.59360004336261,6.16654154028328,49.2509012404242,2.25229843070597e-12,4.89898880088985e-09,"SPTA1"
23019,6710,-4.14559672965724,8.18152841528377,11.7686823870244,0.000602356010133053,0.042016921689625,"SPTB"
23058,6751,9.67320845962886,4.60139970780907,14.6452393322157,0.000129761988034862,0.0137460553742901,"SSTR1"
23110,6778,-3.32712767282472,5.50775063685574,11.8869866039053,0.000565275011472492,0.0405053691225622,"STAT6"
23150,677839,-4.37890699614914,2.91152466485641,15.0132828019315,0.000106757112830908,0.0118391970049589,"SNORA71C"
23153,677842,-3.30416427555578,4.52464811647356,12.7180272178959,0.000362147593869897,0.0292084380396772,"SNORA50C"
23176,6790,-6.7126181666082,2.34072097537182,18.6993097898585,1.53037872723917e-05,0.00261731638953734,"AURKA"
23196,682,-3.72707841619878,9.15428429122039,11.3342636640245,0.000760899987413195,0.0495457583547262,"BSG"
23222,6853,5.90015717859997,6.24411720198118,12.7385238198529,0.000358200299886607,0.0291245703844221,"SYN1"
23255,6886,-4.51498053464155,5.1708743812729,14.7616289880251,0.000121992804767346,0.0130330613546819,"TAL1"
23258,689,-3.40175889602532,6.64311893905235,12.0842993750843,0.00050848205696303,0.0377873735799516,"BTF3"
23515,7001,-3.60928591740947,7.11611052751442,13.626551710646,0.000223009093106491,0.020826408398991,"PRDX2"
23556,7045,-4.14986396801726,6.49216262816405,13.1337485972708,0.00029002392149121,0.0254668344133391,"TGFBI"
23568,7057,-4.79452015981416,9.88719773703679,11.8876787245801,0.000565064997498786,0.0405053691225622,"THBS1"
23585,7076,-5.99612653440862,7.54480105388843,18.6038841788936,1.60892401689001e-05,0.00271889004997069,"TIMP1"
23622,7111,-4.21353417177322,6.68904770018701,16.7905555053506,4.17405303852406e-05,0.00598491746281303,"TMOD1"
23632,7127,-4.21773458046659,5.50264061203812,17.2336545621391,3.30528949540474e-05,0.00488735254034066,"TNFAIP2"
23634,713,5.39568009543479,4.8646261422192,11.9307546225441,0.00055214806928756,0.0399884787935557,"C1QB"
23645,7140,-9.28306726015939,2.84608544730803,31.0703402597413,2.48844907857543e-08,1.15924851191506e-05,"TNNT3"
23648,7143,5.10001578860272,6.58751957336953,13.8754611828057,0.000195332247828057,0.0192551476244393,"TNR"
23698,7197,-5.08937622778529,3.01875253243525,11.7019872282408,0.000624333852309169,0.0428136185194621,"TRG-TCC1-1"
23982,7291,-5.69084774930762,3.35048419513157,19.8191819851925,8.51241185572828e-06,0.00158991692489556,"TWIST1"
24126,7311,-3.67198144821761,7.60741360950197,13.2840774866893,0.000267669706814058,0.0244345433326402,"UBA52"
24170,7351,-4.99562790856833,5.84494002232323,23.8553891898319,1.03850727714772e-06,0.000265614608993006,"UCP2"
24177,7358,-4.47159592007314,5.53975730051354,18.9126524467582,1.36842073622597e-05,0.00236886979886923,"UGDH"
24188,7373,-3.94387431325404,4.12400608987591,11.3213858999771,0.000766195064301419,0.0496627348756103,"COL14A1"
24225,7421,-5.02002923014254,3.09923249630826,13.1745972850125,0.000283769705615405,0.0252546142395654,"VDR"
24242,7443,-3.5852607015837,3.751303612524,13.637229082865,0.000221744445236535,0.0207766495058259,"VRK1"
24261,747,9.60606446419864,4.63129684394235,16.1267245249829,5.92421400574485e-05,0.00764492889195892,"DAGLA"
24263,7472,-6.91880468244743,3.81555562063344,27.880237007727,1.29061294303546e-07,4.5800626815971e-05,"WNT2"
24284,7504,-5.67683622230129,6.59969703128778,23.8232274877083,1.05600442776813e-06,0.000266920588027178,"XK"
24351,759,-5.60105395904316,3.00937567799609,21.5785490470138,3.39629194205834e-06,0.000724967881466439,"CA1"
24442,7686,-4.64331141455394,2.56780151158719,11.9131844623372,0.000557380345360332,0.0402647023022388,"MKRN7P"
24657,79098,-5.39199255055015,2.06979148610536,12.049316974167,0.000518113601557216,0.0382058315537905,"C1orf116"
25018,79865,-6.99546554656982,3.37311853374243,28.9875220380175,7.28460198491155e-08,2.7667343929366e-05,"TREML2"
25035,79884,5.62628442018955,5.01289960635459,12.9646642871407,0.000317425373517927,0.0270621812437656,"MAP9"
25113,79987,-3.25564435902362,5.1706304107643,12.6546149582584,0.000374639744754844,0.0299606263481409,"SVEP1"
25172,80114,-4.00050618477441,5.06156309131706,17.8813587851385,2.35112825913879e-05,0.00368776415894753,"BICC1"
25179,80127,-3.79858946336461,4.22663318564011,15.851371028097,6.85168773059164e-05,0.00831279549878191,"BBOF1"
25246,80232,-4.10867477195767,7.98075438292428,14.5716519614008,0.000134929195229029,0.0141352024079415,"WDR26"
25277,8031,-6.36843099796244,10.0544672292966,24.041192963517,9.42965783834542e-07,0.000250194379467875,"NCOA4"
25290,80323,-5.94165441937483,3.57739648710994,22.4442901124515,2.16327619494112e-06,0.000489014752996843,"CCDC68"
25292,80325,-4.72863463605826,4.7243211916293,23.935370504832,9.96244566864997e-07,0.000259480580305479,"ABTB1"
25322,8061,-9.12575210354229,4.07811713880078,12.8036456443629,0.000345944562085906,0.0286167779326718,"FOSL1"
25324,80700,-4.04770802652177,7.43969102161572,16.0523635725865,6.16146686583221e-05,0.00780910912147217,"UBXN6"
25351,8076,-10.256806134053,4.1649843482455,18.8425984896399,1.41960889509922e-05,0.00244258766859799,"MFAP5"
25387,80853,-3.26307172004848,5.86959240345221,12.5754237515644,0.000390852611797537,0.0310820886524708,"KDM7A"
25407,81027,-5.44497260485096,3.35917944399362,23.8912088050881,1.01936206975183e-06,0.00026308808327504,"TUBB1"
25434,8131,-3.82106392793292,6.54090336345545,15.590466133072,7.86501574249462e-05,0.00934258564558252,"NPRL3"
25478,81558,-5.25358392999788,5.4394647412057,21.4554089977635,3.62152987257454e-06,0.000755994360899936,"FAM117A"
25487,81571,9.23232207666194,4.06429802216975,11.7789803123178,0.000599032886675889,0.0419712898150998,"MIR600HG"
25623,827,-7.16191459883425,3.4834755638846,33.233614945724,8.17254797250915e-09,4.83372160290698e-06,"CAPN6"
25661,8328,-7.88832269731112,1.49290497578197,14.8223576629045,0.000118126739788701,0.0128000692465695,"GFI1B"
25665,8331,-3.39505593811743,3.87122573417538,11.9342990425451,0.000551098590118199,0.0399884787935557,"H2AC14"
25710,83481,9.07112600138245,4.19257294225337,14.1492209299719,0.000168867018934252,0.0170004775444802,"EPPK1"
25712,83483,-5.09837208714413,5.19241053621409,25.6705067060936,4.04969111605272e-07,0.000124968185635584,"PLVAP"
25717,8352,-4.80527092112854,2.9820195971932,14.614602210262,0.000131888633035669,0.0138678455254913,"H3C3"
25727,83547,-5.57605904044242,4.95940027578755,29.2896934622184,6.23263146517335e-08,2.49217475065171e-05,"RILP"
25797,83715,-9.34066635627665,5.02626321773491,49.1133975368,2.41584512900521e-12,4.89898880088985e-09,"ESPN"
25798,83716,-3.51040302391851,3.56633442858803,11.9641103844445,0.000542350967613524,0.0395818611068071,"CRISPLD2"
25799,83719,-4.0502982527062,7.0379422601961,14.752693629606,0.000122572292416346,0.0130330613546819,"YPEL3"
25801,83723,9.44037809228865,4.38682354060857,13.2766307288721,0.000268735027862307,0.0244531648750349,"TLCD3B"
25852,83876,9.04802676452069,4.64775578901028,13.1047174705551,0.000294553094784227,0.0257303457259207,"MRO"
25919,84034,-3.97072642721981,5.11038550827088,13.7056274782678,0.000213812847065073,0.0205072524600589,"EMILIN2"
25924,84057,-5.51000667467969,1.95015779716858,13.0803448926868,0.00029841050517169,0.0257604230835042,"MND1"
25995,84164,-5.00638036147955,7.3143936585371,22.3821302490963,2.23443366145031e-06,0.000499492690146254,"ASCC2"
26039,84232,-3.67951416632554,5.86611749621657,15.1754868158592,9.7966962684567e-05,0.0110808050622106,"MAF1"
26102,84301,-3.31842111825558,4.44244589891053,12.743448549649,0.000357258364565586,0.0291245703844221,"DDI2"
26132,84333,-4.01849042780516,6.75921553940621,15.0157808173795,0.000106615896421735,0.0118391970049589,"PCGF5"
26136,84337,-3.67853465552297,4.85328644480781,16.2783087106275,5.46864003243134e-05,0.00724622919632515,"ELOF1"
26153,84418,-4.29678325415757,4.72906227997868,17.2503882927914,3.27630586420324e-05,0.00486985986831048,"CYSTM1"
26162,8444,-3.7851089122983,4.46044359271973,13.1297763654969,0.000290639462836276,0.0254668344133391,"DYRK3"
26227,84553,10.277795901605,5.11599705066164,15.0348330423213,0.00010554501341185,0.011796940672293,"FAXC"
26311,847,-4.09538895314104,6.40666471254122,15.509810033998,8.2078183784889e-05,0.00962892412253305,"CAT"
26376,8483,-7.20699801060276,3.78145582042735,32.1543409792368,1.42398172827187e-08,7.48645208622931e-06,"CILP"
26450,84923,-5.4182840074173,7.03233944008869,26.0376060453512,3.34831388409612e-07,0.000104460034252186,"FAM104A"
26459,84932,-4.8254277046049,6.09140748552333,24.2172816467168,8.60566199672073e-07,0.000232680708654192,"RAB2B"
26462,84935,-7.65080267959335,5.35748967113705,42.6313366620903,6.60920324794785e-11,7.50541120836958e-08,"MEDAG"
26532,85027,-5.83843647485904,2.79176604729423,13.0957398961937,0.000295968078854474,0.0257604230835042,"SMIM3"
26572,8531,-7.32576202078838,8.7107748736202,18.4780425654364,1.71873079429227e-05,0.00288726433431702,"YBX3"
26574,85315,9.70960891671379,4.67796462276664,16.2510094482237,5.54800274013691e-05,0.00729202767557809,"PAQR8"
26577,8532,-4.48812927227034,3.13649252667714,11.5292848326172,0.000685083640286991,0.0453784296357423,"CPZ"
26637,85455,9.55390744316824,4.53501471148771,15.7533566899214,7.21597871065855e-05,0.00871751640832325,"DISP2"
26857,8780,-6.03660007150958,8.02495966529467,26.1866881561033,3.0995185148316e-07,9.77725895956323e-05,"RIOK3"
26862,8788,-6.11943287609019,3.7025740797335,23.3166180642799,1.37407661426961e-06,0.000333419103240293,"DLK1"
26891,8818,-3.96892149875328,5.04599402458037,18.4417480783128,1.75177744366529e-05,0.00292546833092104,"DPM2"
26915,8843,-7.88829654912286,1.60717581887786,14.6288648682904,0.000130894274363667,0.0138144552014294,"HCAR3"
26919,8847,-4.14915478374277,2.46534481731165,11.7365220855603,0.000612854421480741,0.0423731297693472,"DLEU2"
26939,8870,-3.70271525292007,3.7587929257649,12.2630075711698,0.000462026258182269,0.0354511499183638,"IER3"
26944,8875,-5.70277017904626,2.03424034787603,15.2828662019495,9.25522078585813e-05,0.0106378833243122,"VNN2"
27066,8991,-6.59530798136834,6.76081400296988,31.6051538843591,1.88927509389108e-08,9.40991577466101e-06,"SELENBP1"
27098,90102,-3.81493342661252,4.6633462422241,16.6043651780381,4.6044922376506e-05,0.00637666022570246,"PHLDB2"
27189,9052,-5.97002667254388,2.77784479124502,12.1560825540388,0.000489280359297181,0.0369432696820398,"GPRC5A"
27259,9086,-8.31787540199736,6.402069589368,28.4606712064668,9.56212670108887e-08,3.48036893646042e-05,"EIF1AY"
27337,91300,-5.97843619465598,8.04917703286023,26.6787216822635,2.4025275056965e-07,7.83997194100271e-05,"R3HDM4"
27365,9143,9.5687679110306,4.363485621638,12.4761501489116,0.000412180792694757,0.0322363986352731,"SYNGR3"
27387,91543,-4.05280843570934,4.10194702854144,18.1383107082251,2.05426550049491e-05,0.00331367031585515,"RSAD2"
27423,9173,-10.2818895802231,3.93062616471419,30.2806118459715,3.73844167591044e-08,1.62109578714619e-05,"IL1RL1"
27511,92211,8.77886862207966,3.94213256188172,12.8767644938675,0.000332686906738189,0.0279721404199453,"CDHR1"
27539,92346,-9.46922007712025,3.01214587185016,33.5110722456602,7.08594587040959e-09,4.30768063828858e-06,"C1orf105"
27582,9263,-3.26015480768844,5.61347118765688,11.883221483736,0.000566418863742768,0.0405053691225622,"STK17A"
27613,9283,10.0031185963142,5.40036490331855,18.6348369773874,1.58301268933241e-05,0.0026911215718651,"GPR37L1"
27627,9294,-3.49224444500302,3.99402981749721,13.1445209373797,0.000288361234535233,0.0254668344133391,"S1PR2"
27794,9402,-5.94970295190108,2.41334396139831,17.7290108680214,2.54712297600974e-05,0.00397323193895146,"GRAP2"
27800,94031,-7.22492973330701,5.25322435111638,40.1818750192135,2.31385095331743e-10,2.1896742854894e-07,"HTRA3"
27852,9425,-3.36418850484175,7.01473200470727,11.7508490999752,0.000608154877289826,0.0422139779126117,"CDYL"
27901,948,-6.16923333346777,4.49981510448668,33.498630381726,7.13141916166127e-09,4.30768063828858e-06,"CD36"
27910,9491,-3.37654066608431,7.02305264155572,11.5275821725925,0.000685711388296352,0.0453784296357423,"PSMF1"
27934,9518,-6.26712355271135,2.63653075190994,21.1724940066359,4.19745585519724e-06,0.000869823151306932,"GDF15"
27997,9585,-3.8899518556421,4.36529394347304,16.6950949822973,4.38943423522516e-05,0.00618274275134844,"KIF20B"
28019,9615,6.24254255649538,5.8183816544283,11.9705623957807,0.000540476264143346,0.0395467039665711,"GDA"
28195,9787,-8.59641928639811,2.21625911047111,21.5184269138259,3.50445010700524e-06,0.000736972878058361,"DLGAP5"
28312,9911,-4.24504606929849,7.82538067260952,14.9637109520712,0.000109598746935432,0.0121070366750853,"TMCC2"
28321,9921,-4.92715038411822,9.08933642355848,18.2414027327659,1.9460231795208e-05,0.00319350277841593,"RNF10"
28328,9928,-4.46131916379312,3.63170524031754,17.6133101034043,2.70687192488592e-05,0.0041539510241898,"KIF14"
28367,997,-4.50704220288554,7.10803564619571,20.1433388631756,7.18500307863919e-06,0.00137825836082815,"CDC34"
